id,username,email,created_at
1,calmsignal79,calmsignal79@relay.cloud,2025-12-10 08:25:56
2,navyvalley74,navyvalley74@seeded.app,2025-10-15 21:12:28
3,briskengine61,briskengine61@seeded.app,2024-02-13 11:36:12
4,opalcanyon07,opalcanyon07@hackstack.io,2024-05-04 09:08:12
5,livelywindow54,livelywindow54@relay.cloud,2024-12-30 02:59:39
6,clearanchor97,clearanchor97@hackstack.io,2024-12-22 07:59:21
7,jadedelta13,jadedelta13@hackstack.io,2024-03-06 02:02:48
8,briskanchor11,briskanchor11@relay.cloud,2024-08-23 12:23:42
9,quietisland63,quietisland63@acme.dev,2025-04-08 10:54:28
10,amberlagoon17,amberlagoon17@relay.cloud,2024-02-14 10:32:09
11,silverjourney47,silverjourney47@relay.cloud,2025-07-21 10:44:18
12,harborquartz97,harborquartz97@seeded.app,2024-08-25 22:57:41
13,goldfield61,goldfield61@hackstack.io,2025-09-25 14:33:50
14,amberlagoon16,amberlagoon16@hackstack.io,2025-01-26 14:47:04
15,warmengine17,warmengine17@relay.cloud,2024-03-20 16:34:20
16,cobaltengine01,cobaltengine01@opswise.net,2025-04-01 12:19:09
17,urbankernel71,urbankernel71@acme.dev,2025-11-30 06:36:16
18,cleartrail64,cleartrail64@opswise.net,2024-08-30 05:21:25
19,silvertrail74,silvertrail74@acme.dev,2024-07-26 10:32:42
20,silverquartz56,silverquartz56@example.com,2025-12-14 17:35:20
21,forestorbit04,forestorbit04@seeded.app,2024-03-26 19:12:42
22,forestfield70,forestfield70@example.com,2024-06-26 14:36:08
23,tidynetwork40,tidynetwork40@seeded.app,2025-08-14 19:43:13
24,briskanchor94,briskanchor94@hackstack.io,2025-04-06 15:17:49
25,silvernetwork50,silvernetwork50@relay.cloud,2024-08-16 06:51:35
26,dawnsignal07,dawnsignal07@acme.dev,2026-01-27 09:13:13
27,amberwindow83,amberwindow83@relay.cloud,2024-06-18 14:28:09
28,calmengine20,calmengine20@example.com,2025-11-11 10:20:02
29,urbanjourney95,urbanjourney95@hackstack.io,2024-05-10 16:49:37
30,youngdelta28,youngdelta28@acme.dev,2025-07-19 00:23:30
31,calmlagoon41,calmlagoon41@relay.cloud,2024-02-13 16:32:32
32,vividengine13,vividengine13@hackstack.io,2024-09-17 13:16:19
33,quietisland56,quietisland56@opswise.net,2025-03-26 02:38:43
34,keenbeacon05,keenbeacon05@hackstack.io,2025-06-23 00:01:58
35,dawntrail30,dawntrail30@hackstack.io,2025-09-06 20:35:51
36,cobaltmeadow81,cobaltmeadow81@example.com,2025-06-13 19:05:42
37,ivoryjourney20,ivoryjourney20@example.com,2025-08-04 03:45:22
38,opaldelta17,opaldelta17@opswise.net,2024-07-12 03:14:15
39,keenuplink23,keenuplink23@seeded.app,2024-01-08 09:27:34
40,vividtrail00,vividtrail00@acme.dev,2024-11-04 12:57:37
41,cobaltbeacon22,cobaltbeacon22@relay.cloud,2025-11-03 17:31:02
42,goldlagoon73,goldlagoon73@relay.cloud,2025-01-19 19:30:24
43,urbanzenith59,urbanzenith59@hackstack.io,2025-07-16 17:54:23
44,harborzenith96,harborzenith96@example.com,2025-03-21 21:44:15
45,urbanyard96,urbanyard96@hackstack.io,2025-08-29 15:39:02
46,harborriver43,harborriver43@relay.cloud,2024-05-16 16:36:31
47,ambervalley52,ambervalley52@acme.dev,2024-12-11 17:49:50
48,forestisland10,forestisland10@acme.dev,2025-05-17 11:35:20
49,navyuplink21,navyuplink21@opswise.net,2024-07-16 19:06:51
50,embermeadow29,embermeadow29@relay.cloud,2024-05-31 18:02:58
51,harborzenith17,harborzenith17@example.com,2024-07-24 01:32:17
52,tidybeacon24,tidybeacon24@opswise.net,2025-03-17 13:45:11
53,harboruplink37,harboruplink37@opswise.net,2025-05-27 21:21:48
54,vividsignal40,vividsignal40@opswise.net,2025-02-16 06:22:39
55,tidypioneer75,tidypioneer75@hackstack.io,2025-05-22 03:36:19
56,opalvalley79,opalvalley79@hackstack.io,2024-06-11 22:22:13
57,dawnuplink86,dawnuplink86@example.com,2025-09-17 20:20:37
58,harborpioneer30,harborpioneer30@acme.dev,2024-01-26 05:09:48
59,silvergarden93,silvergarden93@example.com,2025-11-17 17:23:07
60,quietengine43,quietengine43@seeded.app,2025-10-22 07:08:49
61,goldcanyon86,goldcanyon86@example.com,2024-11-18 06:16:31
62,vividbeacon77,vividbeacon77@seeded.app,2024-09-15 22:06:53
63,dawnquartz74,dawnquartz74@seeded.app,2025-06-13 21:39:19
64,cleargarden25,cleargarden25@example.com,2025-06-08 19:49:07
65,rapiddelta35,rapiddelta35@opswise.net,2024-04-10 17:44:07
66,livelyriver44,livelyriver44@opswise.net,2024-07-15 02:07:03
67,warmkernel98,warmkernel98@acme.dev,2024-12-20 05:14:11
68,silvermeadow99,silvermeadow99@relay.cloud,2025-04-25 04:54:03
69,opalanchor43,opalanchor43@hackstack.io,2024-06-14 03:19:48
70,forestmeadow38,forestmeadow38@opswise.net,2025-01-23 09:10:33
71,goldkernel66,goldkernel66@opswise.net,2024-02-18 18:09:04
72,livelykernel02,livelykernel02@acme.dev,2025-12-21 16:41:45
73,harborlagoon55,harborlagoon55@relay.cloud,2025-06-22 09:43:16
74,emberengine95,emberengine95@relay.cloud,2024-05-22 20:38:26
75,mellowfield13,mellowfield13@seeded.app,2025-02-08 12:56:30
76,youngquartz42,youngquartz42@seeded.app,2025-04-22 09:42:56
77,quietuplink91,quietuplink91@opswise.net,2024-02-29 19:18:04
78,opalkernel08,opalkernel08@seeded.app,2025-10-06 22:27:48
79,urbanvalley34,urbanvalley34@example.com,2025-03-08 18:19:12
80,emberbeacon85,emberbeacon85@seeded.app,2024-12-02 16:59:39
81,warmlagoon83,warmlagoon83@relay.cloud,2025-08-06 06:56:10
82,calmpioneer96,calmpioneer96@opswise.net,2025-12-09 13:37:13
83,briskfield79,briskfield79@opswise.net,2024-03-24 09:15:37
84,rapidriver74,rapidriver74@relay.cloud,2025-06-23 20:32:22
85,ambervalley61,ambervalley61@hackstack.io,2024-03-02 14:13:13
86,keengarden99,keengarden99@relay.cloud,2024-01-19 16:33:59
87,harborharvest16,harborharvest16@seeded.app,2024-03-01 18:16:40
88,harborengine51,harborengine51@acme.dev,2024-05-03 09:32:31
89,opaljourney15,opaljourney15@opswise.net,2025-11-22 20:07:55
90,harborkernel64,harborkernel64@opswise.net,2024-06-26 09:45:34
91,amberengine67,amberengine67@hackstack.io,2024-05-24 05:05:08
92,navygarden10,navygarden10@acme.dev,2025-10-15 20:51:21
93,jadeuplink04,jadeuplink04@acme.dev,2024-02-01 16:18:30
94,navyquartz49,navyquartz49@relay.cloud,2024-03-11 21:11:40
95,dawnengine98,dawnengine98@relay.cloud,2025-03-05 06:23:14
96,embermeadow21,embermeadow21@acme.dev,2024-02-12 05:22:11
97,calmquartz32,calmquartz32@example.com,2025-12-29 04:55:48
98,navylagoon89,navylagoon89@relay.cloud,2025-04-03 07:33:54
99,harborvalley74,harborvalley74@acme.dev,2024-12-13 06:26:40
100,rapidengine21,rapidengine21@seeded.app,2025-12-04 20:38:59
101,livelymeadow47,livelymeadow47@hackstack.io,2024-10-14 17:29:54
102,goldvalley42,goldvalley42@acme.dev,2024-10-15 17:13:31
103,vividriver99,vividriver99@relay.cloud,2024-05-21 10:22:40
104,jadezenith66,jadezenith66@acme.dev,2024-05-23 21:50:01
105,clearnetwork27,clearnetwork27@seeded.app,2025-06-09 14:08:45
106,amberisland63,amberisland63@example.com,2024-11-13 17:12:28
107,urbananchor56,urbananchor56@seeded.app,2024-10-11 20:41:52
108,keenquartz72,keenquartz72@relay.cloud,2025-08-10 21:39:53
109,silverwindow27,silverwindow27@example.com,2024-01-06 07:45:41
110,cobaltriver83,cobaltriver83@opswise.net,2025-02-07 12:45:08
111,tidyquartz72,tidyquartz72@relay.cloud,2024-08-22 17:54:00
112,amberpioneer13,amberpioneer13@example.com,2024-02-25 06:10:42
113,youngsignal05,youngsignal05@acme.dev,2025-08-30 04:49:09
114,rapidanchor18,rapidanchor18@seeded.app,2024-12-04 01:41:13
115,vividriver54,vividriver54@relay.cloud,2025-05-29 00:31:09
116,amberbeacon27,amberbeacon27@seeded.app,2025-08-28 10:12:36
117,rapidmeadow11,rapidmeadow11@hackstack.io,2024-10-27 19:24:57
118,rapidtrail34,rapidtrail34@opswise.net,2025-02-28 06:16:03
119,jaderiver88,jaderiver88@opswise.net,2024-02-29 17:56:56
120,vividpioneer94,vividpioneer94@hackstack.io,2025-03-22 16:54:36
121,golddelta67,golddelta67@acme.dev,2025-05-06 12:38:56
122,emberriver71,emberriver71@seeded.app,2024-10-07 04:11:07
123,opalzenith77,opalzenith77@relay.cloud,2025-12-16 14:25:33
124,opalisland72,opalisland72@opswise.net,2024-11-20 12:47:57
125,rapidjourney38,rapidjourney38@example.com,2024-09-09 15:30:05
126,silveruplink78,silveruplink78@opswise.net,2024-08-23 13:32:00
127,urbanfield78,urbanfield78@opswise.net,2025-04-02 18:26:04
128,warmengine85,warmengine85@acme.dev,2024-08-27 10:33:35
129,ambersignal14,ambersignal14@relay.cloud,2024-02-10 23:28:51
130,cobaltpioneer72,cobaltpioneer72@acme.dev,2024-10-08 15:13:48
131,navycanyon66,navycanyon66@acme.dev,2025-03-23 11:57:22
132,cobaltvalley23,cobaltvalley23@acme.dev,2024-08-15 00:58:40
133,silverriver96,silverriver96@relay.cloud,2025-05-28 10:39:40
134,vividtrail60,vividtrail60@acme.dev,2024-08-27 13:09:26
135,proudcanyon03,proudcanyon03@relay.cloud,2026-01-20 09:10:15
136,emberyard35,emberyard35@seeded.app,2024-07-22 13:41:04
137,vividdelta22,vividdelta22@relay.cloud,2025-03-11 22:31:54
138,mellowquartz79,mellowquartz79@example.com,2024-03-09 03:29:49
139,amberdelta31,amberdelta31@acme.dev,2025-05-20 03:37:20
140,brisktrail81,brisktrail81@seeded.app,2024-10-29 04:02:08
141,mellowzenith92,mellowzenith92@example.com,2025-09-13 21:26:00
142,proudisland05,proudisland05@relay.cloud,2025-04-21 12:25:58
143,opaldelta65,opaldelta65@hackstack.io,2025-09-02 14:40:20
144,prouduplink96,prouduplink96@example.com,2025-12-31 00:49:02
145,calmyard87,calmyard87@opswise.net,2025-11-27 19:37:16
146,forestyard64,forestyard64@acme.dev,2025-12-05 09:18:58
147,jadegarden37,jadegarden37@seeded.app,2025-08-23 18:58:14
148,warmzenith67,warmzenith67@seeded.app,2024-04-26 03:29:02
149,livelyquartz53,livelyquartz53@relay.cloud,2025-10-17 09:13:53
150,youngengine18,youngengine18@example.com,2025-07-07 18:05:41
151,harborriver53,harborriver53@opswise.net,2025-06-01 15:37:19
152,quiettrail44,quiettrail44@hackstack.io,2025-06-12 14:48:40
153,youngengine02,youngengine02@opswise.net,2026-01-31 13:24:23
154,silverisland33,silverisland33@example.com,2025-08-30 18:33:08
155,jaderiver25,jaderiver25@opswise.net,2024-09-02 02:11:33
156,warmzenith44,warmzenith44@example.com,2025-01-10 20:21:34
157,silverzenith75,silverzenith75@opswise.net,2024-08-22 13:57:36
158,rapidisland54,rapidisland54@hackstack.io,2025-08-30 06:42:16
159,harborcanyon43,harborcanyon43@acme.dev,2024-07-28 22:29:51
160,vividuplink83,vividuplink83@seeded.app,2025-07-15 10:07:19
161,rapidpioneer63,rapidpioneer63@example.com,2024-04-09 04:22:03
162,warmlagoon02,warmlagoon02@relay.cloud,2026-01-21 19:21:28
163,keenfield51,keenfield51@acme.dev,2025-01-08 20:25:00
164,navymeadow68,navymeadow68@opswise.net,2024-04-17 13:03:11
165,rapiduplink53,rapiduplink53@opswise.net,2024-05-03 09:09:19
166,opalnetwork88,opalnetwork88@hackstack.io,2025-03-12 09:04:28
167,harbororbit08,harbororbit08@seeded.app,2024-05-05 08:48:58
168,silvernetwork02,silvernetwork02@opswise.net,2025-12-09 19:21:26
169,cleartrail53,cleartrail53@opswise.net,2024-11-16 11:03:12
170,forestharvest16,forestharvest16@hackstack.io,2025-10-24 11:27:09
171,warmmeadow51,warmmeadow51@acme.dev,2024-04-12 04:08:55
172,rapidbeacon72,rapidbeacon72@opswise.net,2025-08-14 09:27:55
173,proudorbit61,proudorbit61@acme.dev,2024-02-03 19:01:02
174,dawnwindow07,dawnwindow07@seeded.app,2026-01-07 21:41:33
175,goldjourney82,goldjourney82@seeded.app,2025-04-13 10:30:31
176,forestmeadow81,forestmeadow81@opswise.net,2024-08-28 02:10:17
177,livelyharvest53,livelyharvest53@acme.dev,2024-05-21 04:00:04
178,keenriver36,keenriver36@example.com,2024-05-05 16:02:31
179,livelypioneer48,livelypioneer48@example.com,2026-01-13 17:53:19
180,ambertrail34,ambertrail34@hackstack.io,2024-10-25 18:58:48
181,navygarden59,navygarden59@acme.dev,2025-11-14 15:26:23
182,mellowtrail52,mellowtrail52@seeded.app,2025-09-02 18:19:15
183,navymeadow75,navymeadow75@hackstack.io,2025-09-16 21:05:18
184,ivoryisland93,ivoryisland93@acme.dev,2025-03-28 20:17:42
185,ivorytrail03,ivorytrail03@example.com,2024-01-05 05:07:00
186,ambergarden75,ambergarden75@example.com,2024-12-16 11:02:08
187,harborcanyon75,harborcanyon75@seeded.app,2025-06-13 19:46:10
188,mellowquartz68,mellowquartz68@acme.dev,2025-11-29 04:23:29
189,amberyard67,amberyard67@opswise.net,2024-10-31 10:44:06
190,keenbeacon24,keenbeacon24@acme.dev,2025-03-02 15:15:16
191,calmwindow53,calmwindow53@example.com,2025-03-04 01:39:57
192,warmyard04,warmyard04@seeded.app,2025-11-13 06:13:58
193,embersignal16,embersignal16@hackstack.io,2024-06-25 10:14:41
194,forestisland87,forestisland87@opswise.net,2025-07-27 06:58:13
195,goldtrail03,goldtrail03@hackstack.io,2025-02-10 23:21:19
196,warmdelta35,warmdelta35@example.com,2024-12-27 14:05:26
197,briskpioneer77,briskpioneer77@acme.dev,2024-05-27 09:07:33
198,quietgarden79,quietgarden79@seeded.app,2024-07-20 15:29:37
199,proudanchor64,proudanchor64@relay.cloud,2025-01-12 03:50:53
200,briskanchor38,briskanchor38@opswise.net,2025-07-10 15:18:05
201,mellowkernel27,mellowkernel27@seeded.app,2025-12-16 05:43:30
202,proudlagoon66,proudlagoon66@hackstack.io,2025-04-17 10:29:25
203,harborbeacon83,harborbeacon83@opswise.net,2025-08-17 16:58:15
204,opalfield64,opalfield64@acme.dev,2024-01-05 11:16:13
205,forestnetwork14,forestnetwork14@example.com,2024-08-21 11:57:02
206,rapidriver43,rapidriver43@example.com,2025-10-05 11:48:17
207,proudbeacon14,proudbeacon14@opswise.net,2025-07-09 16:35:45
208,warmkernel56,warmkernel56@acme.dev,2025-06-11 04:39:53
209,briskcanyon22,briskcanyon22@acme.dev,2024-02-18 17:26:12
210,briskfield00,briskfield00@hackstack.io,2024-05-29 19:16:53
211,navyquartz60,navyquartz60@example.com,2024-01-19 20:01:08
212,navyanchor43,navyanchor43@hackstack.io,2024-01-23 22:06:00
213,briskmeadow70,briskmeadow70@example.com,2024-09-21 22:38:06
214,rapidpioneer01,rapidpioneer01@example.com,2024-01-07 15:30:51
215,embersignal64,embersignal64@relay.cloud,2025-01-01 16:34:43
216,forestvalley51,forestvalley51@opswise.net,2025-06-13 11:19:32
217,amberuplink11,amberuplink11@hackstack.io,2024-04-09 15:15:48
218,forestwindow96,forestwindow96@seeded.app,2025-02-20 14:07:07
219,silverjourney92,silverjourney92@acme.dev,2025-10-20 00:49:03
220,quiettrail32,quiettrail32@example.com,2025-04-03 17:58:59
221,goldwindow44,goldwindow44@seeded.app,2025-10-15 14:17:10
222,rapiduplink61,rapiduplink61@acme.dev,2024-02-21 13:56:00
223,opalquartz85,opalquartz85@opswise.net,2025-03-06 04:16:28
224,goldpioneer00,goldpioneer00@acme.dev,2024-12-30 18:55:21
225,vividlagoon68,vividlagoon68@seeded.app,2025-02-06 10:27:23
226,rapidmeadow21,rapidmeadow21@seeded.app,2024-05-17 23:59:20
227,warmjourney40,warmjourney40@opswise.net,2025-10-08 12:27:35
228,quietisland21,quietisland21@opswise.net,2024-02-29 16:25:17
229,emberyard55,emberyard55@opswise.net,2024-02-02 17:20:47
230,dawnzenith87,dawnzenith87@opswise.net,2025-01-28 23:31:26
231,silvergarden19,silvergarden19@relay.cloud,2025-02-17 02:06:40
232,urbanquartz45,urbanquartz45@relay.cloud,2025-05-25 21:37:38
233,jadejourney70,jadejourney70@seeded.app,2025-07-16 09:07:54
234,rapidwindow71,rapidwindow71@hackstack.io,2024-07-16 13:16:52
235,opalwindow06,opalwindow06@opswise.net,2024-12-18 07:39:43
236,warmsignal70,warmsignal70@seeded.app,2025-10-26 04:41:57
237,navyquartz74,navyquartz74@seeded.app,2024-01-31 15:18:19
238,cobaltriver57,cobaltriver57@opswise.net,2025-11-30 06:42:52
239,calmwindow20,calmwindow20@acme.dev,2024-09-12 17:03:36
240,clearjourney60,clearjourney60@seeded.app,2026-02-01 17:53:50
241,dawndelta59,dawndelta59@relay.cloud,2025-04-06 03:09:46
242,ambergarden54,ambergarden54@seeded.app,2025-07-31 18:32:34
243,warmcanyon62,warmcanyon62@hackstack.io,2025-10-07 14:37:57
244,calmjourney92,calmjourney92@example.com,2024-10-31 11:43:00
245,keenorbit65,keenorbit65@hackstack.io,2025-10-18 00:39:49
246,emberanchor50,emberanchor50@seeded.app,2024-10-31 08:20:22
247,youngfield62,youngfield62@opswise.net,2025-02-05 16:37:25
248,vividdelta64,vividdelta64@hackstack.io,2024-12-07 22:03:21
249,rapidzenith89,rapidzenith89@relay.cloud,2025-10-02 11:18:05
250,ivoryjourney56,ivoryjourney56@opswise.net,2025-09-02 07:03:02
251,proudzenith42,proudzenith42@opswise.net,2025-10-12 17:25:22
252,ivorylagoon85,ivorylagoon85@example.com,2024-08-04 16:22:48
253,livelybeacon48,livelybeacon48@hackstack.io,2024-07-14 07:08:33
254,dawnlagoon41,dawnlagoon41@seeded.app,2025-08-14 10:50:30
255,navynetwork91,navynetwork91@relay.cloud,2025-05-20 15:06:42
256,vividcanyon33,vividcanyon33@hackstack.io,2025-12-19 19:16:00
257,tidypioneer50,tidypioneer50@example.com,2024-12-13 22:46:42
258,tidymeadow36,tidymeadow36@example.com,2025-06-28 15:18:37
259,rapidlagoon63,rapidlagoon63@acme.dev,2025-12-26 08:28:17
260,rapiddelta64,rapiddelta64@opswise.net,2024-02-15 05:50:58
261,tidyjourney56,tidyjourney56@example.com,2024-02-16 00:15:21
262,forestjourney97,forestjourney97@acme.dev,2025-11-19 21:43:57
263,forestjourney89,forestjourney89@hackstack.io,2025-10-31 14:16:41
264,tidyisland54,tidyisland54@opswise.net,2025-09-13 03:17:40
265,silvercanyon80,silvercanyon80@seeded.app,2024-06-17 20:15:07
266,dawnharvest75,dawnharvest75@relay.cloud,2024-09-23 03:32:23
267,youngharvest68,youngharvest68@acme.dev,2025-03-26 12:51:38
268,amberwindow09,amberwindow09@relay.cloud,2026-01-01 01:28:03
269,cobaltisland85,cobaltisland85@opswise.net,2024-03-16 08:33:55
270,forestorbit87,forestorbit87@opswise.net,2024-06-09 09:08:14
271,goldisland05,goldisland05@relay.cloud,2025-01-22 02:54:00
272,keenzenith57,keenzenith57@acme.dev,2025-02-08 07:42:34
273,briskkernel25,briskkernel25@example.com,2024-12-26 22:19:42
274,warmsignal78,warmsignal78@relay.cloud,2024-08-22 05:32:44
275,emberdelta95,emberdelta95@relay.cloud,2024-07-22 06:02:02
276,keenquartz56,keenquartz56@example.com,2026-01-31 02:49:34
277,keenbeacon62,keenbeacon62@relay.cloud,2024-11-14 14:23:00
278,warmdelta38,warmdelta38@acme.dev,2025-12-26 14:57:09
279,dawnisland99,dawnisland99@seeded.app,2025-08-26 14:58:20
280,youngjourney87,youngjourney87@hackstack.io,2024-10-26 06:51:56
281,rapidpioneer63,rapidpioneer63@example.com,2024-05-30 02:18:37
282,calmquartz64,calmquartz64@relay.cloud,2024-12-27 14:01:26
283,warmsignal39,warmsignal39@relay.cloud,2025-01-26 20:59:27
284,warmgarden94,warmgarden94@opswise.net,2025-11-26 23:03:40
285,urbansignal30,urbansignal30@acme.dev,2025-01-10 09:31:58
286,harborisland53,harborisland53@acme.dev,2025-07-13 02:37:11
287,tidyuplink13,tidyuplink13@relay.cloud,2026-01-20 20:46:01
288,jadefield94,jadefield94@hackstack.io,2025-07-11 18:54:08
289,warmkernel11,warmkernel11@acme.dev,2025-09-22 11:42:18
290,amberuplink78,amberuplink78@example.com,2024-05-16 08:38:29
291,dawnpioneer67,dawnpioneer67@hackstack.io,2024-12-18 01:58:13
292,livelytrail22,livelytrail22@hackstack.io,2025-02-07 01:55:04
293,livelyvalley85,livelyvalley85@hackstack.io,2024-11-28 23:13:42
294,ivoryorbit45,ivoryorbit45@opswise.net,2024-10-12 04:08:59
295,urbanriver03,urbanriver03@acme.dev,2025-03-12 19:18:16
296,calmfield80,calmfield80@acme.dev,2025-02-13 03:06:56
297,opalbeacon40,opalbeacon40@relay.cloud,2026-01-15 06:04:33
298,youngmeadow04,youngmeadow04@relay.cloud,2025-09-22 18:32:57
299,urbanyard01,urbanyard01@hackstack.io,2025-12-24 15:11:40
300,proudwindow04,proudwindow04@example.com,2025-01-09 23:31:10
301,silverkernel75,silverkernel75@example.com,2024-04-03 08:40:24
302,silverorbit99,silverorbit99@example.com,2025-06-16 07:55:27
303,younggarden79,younggarden79@example.com,2024-01-14 01:19:02
304,livelyanchor34,livelyanchor34@seeded.app,2024-05-07 05:44:56
305,jadewindow58,jadewindow58@seeded.app,2025-08-10 22:05:16
306,briskorbit26,briskorbit26@relay.cloud,2024-03-18 16:08:47
307,forestbeacon56,forestbeacon56@acme.dev,2024-06-26 14:07:32
308,emberriver75,emberriver75@example.com,2025-07-13 02:38:25
309,vividzenith20,vividzenith20@acme.dev,2024-11-02 22:10:57
310,navymeadow52,navymeadow52@acme.dev,2024-02-09 02:25:54
311,cleargarden94,cleargarden94@seeded.app,2025-07-22 06:28:39
312,warmlagoon38,warmlagoon38@example.com,2024-04-26 12:10:53
313,mellowtrail78,mellowtrail78@opswise.net,2025-03-27 17:31:22
314,amberfield47,amberfield47@opswise.net,2025-06-01 17:33:51
315,emberquartz94,emberquartz94@hackstack.io,2024-01-07 16:17:11
316,navygarden81,navygarden81@relay.cloud,2024-05-27 09:37:12
317,dawnbeacon64,dawnbeacon64@relay.cloud,2024-03-05 09:32:34
318,cobaltnetwork11,cobaltnetwork11@opswise.net,2025-06-18 14:28:46
319,jadekernel12,jadekernel12@example.com,2025-08-19 22:38:54
320,harborkernel54,harborkernel54@hackstack.io,2024-03-30 16:02:49
321,keenbeacon33,keenbeacon33@acme.dev,2024-12-12 10:22:08
322,mellowbeacon02,mellowbeacon02@acme.dev,2025-01-12 08:44:46
323,goldkernel87,goldkernel87@acme.dev,2025-01-11 18:38:18
324,quietvalley41,quietvalley41@relay.cloud,2024-02-12 16:10:20
325,cobaltbeacon27,cobaltbeacon27@hackstack.io,2025-07-29 14:09:45
326,warmzenith07,warmzenith07@hackstack.io,2024-03-31 22:51:07
327,forestbeacon79,forestbeacon79@example.com,2024-03-17 14:02:09
328,rapidkernel30,rapidkernel30@relay.cloud,2024-09-09 08:34:21
329,quietnetwork70,quietnetwork70@seeded.app,2025-09-23 21:46:31
330,warmnetwork60,warmnetwork60@hackstack.io,2024-04-15 17:06:48
331,youngriver39,youngriver39@relay.cloud,2024-01-28 07:30:09
332,rapidwindow85,rapidwindow85@seeded.app,2026-01-04 06:48:01
333,livelyisland14,livelyisland14@example.com,2024-08-22 23:30:20
334,keenfield13,keenfield13@hackstack.io,2025-05-05 11:05:37
335,calmnetwork39,calmnetwork39@acme.dev,2025-10-26 00:37:02
336,urbanisland91,urbanisland91@example.com,2025-02-18 19:39:08
337,keenanchor48,keenanchor48@seeded.app,2024-07-14 18:59:16
338,navynetwork30,navynetwork30@example.com,2024-01-24 09:02:38
339,dawnvalley62,dawnvalley62@example.com,2025-06-28 21:28:46
340,goldanchor31,goldanchor31@example.com,2025-05-09 22:43:56
341,forestanchor08,forestanchor08@example.com,2025-10-09 16:11:17
342,calmbeacon66,calmbeacon66@opswise.net,2025-02-03 17:24:47
343,prouddelta08,prouddelta08@opswise.net,2025-04-07 18:12:00
344,dawngarden34,dawngarden34@example.com,2025-05-09 16:47:01
345,forestanchor73,forestanchor73@opswise.net,2024-07-07 05:47:55
346,jadepioneer73,jadepioneer73@hackstack.io,2024-08-17 04:32:33
347,ivorydelta59,ivorydelta59@hackstack.io,2024-01-11 23:00:20
348,jadelagoon66,jadelagoon66@hackstack.io,2024-12-27 18:42:50
349,mellowtrail33,mellowtrail33@example.com,2025-04-07 06:23:52
350,proudtrail87,proudtrail87@opswise.net,2025-08-10 13:10:48
351,warmengine51,warmengine51@seeded.app,2024-07-27 04:13:39
352,livelytrail95,livelytrail95@example.com,2026-01-30 08:55:50
353,warmjourney62,warmjourney62@relay.cloud,2025-01-15 02:38:09
354,silveruplink96,silveruplink96@relay.cloud,2024-02-23 03:24:39
355,keenbeacon11,keenbeacon11@acme.dev,2024-01-05 11:41:10
356,warmkernel09,warmkernel09@acme.dev,2025-07-26 10:58:55
357,tidyvalley64,tidyvalley64@seeded.app,2025-09-03 01:10:58
358,dawnharvest23,dawnharvest23@hackstack.io,2025-04-27 10:35:47
359,tidyzenith38,tidyzenith38@opswise.net,2024-08-09 01:52:21
360,livelyzenith29,livelyzenith29@hackstack.io,2025-06-05 19:54:22
361,silverquartz40,silverquartz40@relay.cloud,2024-05-26 11:00:41
362,quietzenith67,quietzenith67@opswise.net,2025-03-12 06:34:38
363,keenlagoon39,keenlagoon39@relay.cloud,2024-05-05 22:31:50
364,opalzenith63,opalzenith63@acme.dev,2026-01-12 10:04:57
365,youngengine63,youngengine63@example.com,2025-04-03 13:37:52
366,silverdelta56,silverdelta56@example.com,2025-02-11 13:58:26
367,warmquartz66,warmquartz66@hackstack.io,2025-08-12 13:38:02
368,opalvalley49,opalvalley49@opswise.net,2024-06-01 00:12:31
369,goldharvest72,goldharvest72@acme.dev,2024-03-05 19:35:03
370,briskgarden66,briskgarden66@example.com,2024-03-05 15:06:35
371,vividharvest73,vividharvest73@example.com,2024-05-01 18:21:18
372,clearanchor82,clearanchor82@seeded.app,2024-10-27 22:05:34
373,proudmeadow76,proudmeadow76@acme.dev,2024-12-23 08:09:39
374,forestgarden00,forestgarden00@opswise.net,2024-11-03 04:42:07
375,quietsignal69,quietsignal69@relay.cloud,2024-01-28 12:49:05
376,proudpioneer37,proudpioneer37@acme.dev,2025-04-01 16:09:26
377,vividuplink51,vividuplink51@acme.dev,2024-03-11 22:38:55
378,keenyard87,keenyard87@acme.dev,2025-09-23 06:08:06
379,navyzenith03,navyzenith03@relay.cloud,2024-05-06 01:16:01
380,quietlagoon50,quietlagoon50@acme.dev,2025-05-01 09:06:57
381,amberdelta75,amberdelta75@relay.cloud,2024-02-25 00:54:02
382,tidywindow73,tidywindow73@hackstack.io,2024-08-18 08:59:15
383,rapidorbit50,rapidorbit50@acme.dev,2024-12-03 22:58:47
384,goldjourney76,goldjourney76@acme.dev,2024-10-24 08:40:06
385,tidyjourney57,tidyjourney57@hackstack.io,2024-04-09 06:39:54
386,keenlagoon20,keenlagoon20@hackstack.io,2024-07-24 00:46:51
387,vividgarden65,vividgarden65@opswise.net,2025-04-10 09:34:25
388,vividquartz56,vividquartz56@hackstack.io,2024-09-16 11:43:50
389,navyriver41,navyriver41@hackstack.io,2024-03-04 16:45:43
390,ivoryriver90,ivoryriver90@example.com,2024-06-27 13:54:28
391,dawnpioneer33,dawnpioneer33@example.com,2025-12-18 23:49:44
392,keencanyon76,keencanyon76@opswise.net,2024-08-26 11:47:20
393,harborbeacon39,harborbeacon39@seeded.app,2025-05-24 02:24:18
394,forestjourney47,forestjourney47@acme.dev,2025-05-03 15:01:46
395,rapidisland82,rapidisland82@opswise.net,2024-02-04 02:51:58
396,quietfield55,quietfield55@hackstack.io,2025-04-27 18:34:24
397,amberbeacon64,amberbeacon64@opswise.net,2025-10-13 16:04:57
398,jadeorbit41,jadeorbit41@example.com,2024-02-09 23:30:39
399,livelycanyon78,livelycanyon78@acme.dev,2024-05-14 23:43:18
400,silveranchor42,silveranchor42@example.com,2025-05-07 23:56:01
